index,kind,channel,wa_GHz,wb_GHz,w_snail_GHz,spec_GHz,detuning_GHz,w_p_GHz,lam_spec,drag,drag_applied,drag_compare_window,eta_peak,g_iswap_eff_MHz,nearest_beat_GHz,nearest_kind,nearest_target,g_collision_MHz,status,F_avg,leakage,F_avg_drag,leakage_drag,dF_drag,n_spec,n_coupler,p_transfer,t_g_ns,wall_s
0,target,qubit_qubit,3.5,3.7,4.7,3.75,0.2,0.2,0.2,False,False,True,0.27778,1.0,0.05,onepump,a,2.0,drag_compare,0.5351112049698992,0.15575487253085463,0.5329618945998253,0.15649221135128322,-0.0021493103700738203,0.0004046617931744542,0.005656870450568923,0.8095694611593561,500.0,1099.5128495693207
1,target,qubit_qubit,3.5,3.7,4.7,3.85,0.2,0.2,0.2,False,True,True,0.27778,1.0,-0.05,onepump,b,2.0,drag_compare,0.6002982196614466,0.11988689235615269,0.6007791325144974,0.11982500731101764,0.0004809128530508522,3.1288020282649484e-05,0.003802639888294218,0.8748599256639578,500.0,1112.761913061142
2,target,qubit_qubit,3.5,3.7,4.7,3.95,0.2,0.2,0.2,False,True,True,0.27778,1.0,0.05,onepump,b,2.0,drag_compare,0.5822600468123751,0.12941660956259082,0.5847427513800469,0.1282331567055679,0.002482704567671856,2.7983523499238824e-05,0.0013263969493940244,0.861523717390995,500.0,2406.076057434082
3,target,qubit_qubit,3.5,3.7,4.7,4.05,0.2,0.2,0.2,False,False,False,0.27778,1.0,0.15,onepump,b,2.0,ok,0.600418828883447,0.11944789636765374,,,,0.00011501996656840208,0.0015394159676179195,0.8782098602155949,500.0,1029.6349654197693
4,target,qubit_qubit,3.5,3.7,4.7,4.15,0.2,0.2,0.2,False,False,False,0.27778,1.0,0.25,onepump,b,2.0,ok,0.6041715079754588,0.11659690231344921,,,,0.0003999194979165719,0.006606576428558948,0.8793300581570064,500.0,1042.809327840805
5,target,qubit_qubit,3.5,3.7,4.7,4.25,0.2,0.2,0.2,False,False,False,0.27778,1.0,0.35,onepump,b,2.0,ok,0.6093796601411665,0.11448600042639512,,,,0.0010023215076132544,0.004110882570344115,0.8835165559474358,500.0,1034.6060950756073
6,target,qubit_qubit,3.5,3.7,4.7,5.25,0.2,0.2,0.2,False,False,False,0.27778,1.0,1.35,onepump,b,2.0,ok,0.6207243640266811,0.10735687078580869,,,,0.0003317128566946831,0.0075413231830639285,0.892376751831355,500.0,1103.2331686019897
7,target,qubit_qubit,3.5,3.7,4.7,5.35,0.2,0.2,0.2,False,False,False,0.27778,1.0,1.45,onepump,b,2.0,ok,0.6215980371666847,0.10720132579344643,,,,0.0002228292144194799,0.006603290951079039,0.8936988145008947,500.0,1120.5680985450745
8,target,qubit_qubit,3.5,3.7,4.7,5.45,0.2,0.2,0.2,False,False,False,0.27778,1.0,1.55,onepump,b,2.0,ok,0.6221004979883018,0.10689695671392396,,,,0.00015243803570043617,0.0047455856516333775,0.8951837717567247,500.0,1075.5524773597717
9,target,qubit_qubit,3.5,3.7,4.7,5.55,0.2,0.2,0.2,False,False,False,0.27778,1.0,1.65,onepump,b,2.0,ok,0.6223279870721952,0.10673011777584307,,,,0.00012310747475418,0.004396921045385418,0.8962101710006883,500.0,1092.7566621303558
10,target,qubit_qubit,3.5,3.8,4.7,3.75,0.3,0.3,0.2,False,False,True,0.27778,1.0,-0.05,onepump,a,2.0,drag_compare,0.6657673794273078,0.08056533295785906,0.6596159648178515,0.08426571114309,-0.0061514146094563404,0.0005705086606941211,0.003501929683161151,0.9335198659973103,500.0,1144.7336330413818
11,target,qubit_qubit,3.5,3.8,4.7,3.85,0.3,0.3,0.2,False,True,True,0.27778,1.0,0.05,onepump,a,2.0,drag_compare,0.5101733499482256,0.16725795497594786,0.5101805578577396,0.16729320519053203,7.207909514028721e-06,0.00029678184681014536,0.0034374483785426097,0.7852212562920994,500.0,1120.1350679397583
12,target,qubit_qubit,3.5,3.8,4.7,3.95,0.3,0.3,0.2,False,False,False,0.27778,1.0,-0.15,onepump,b,2.0,ok,0.5705789917756641,0.1354022627380873,,,,0.00015363640759686554,0.0008505697829602058,0.8509087890065492,500.0,558.1492252349854
13,target,qubit_qubit,3.5,3.8,4.7,4.05,0.3,0.3,0.2,False,False,True,0.27778,1.0,-0.05,onepump,b,2.0,drag_compare,0.5959145266875324,0.12115580466769338,0.5943661587247874,0.12202344217818006,-0.0015483679627450453,0.0011000047968975277,0.0029963747964575887,0.8735750659487777,500.0,1331.3314154148102
14,target,qubit_qubit,3.5,3.8,4.7,4.15,0.3,0.3,0.2,False,True,True,0.27778,1.0,0.05,onepump,b,2.0,drag_compare,0.5590370974965875,0.14087879979878237,0.5635891665811715,0.13894865767128295,0.004552069084584054,0.00028304939761725467,0.004429236916960844,0.8384361754680907,500.0,1311.5048868656158
15,target,qubit_qubit,3.5,3.8,4.7,4.25,0.3,0.3,0.2,False,False,False,0.27778,1.0,0.15,onepump,b,2.0,ok,0.5795991452052907,0.13062615806682876,,,,6.917058197653946e-05,0.0018412505293476007,0.8596505364983791,500.0,528.981767654419
16,target,qubit_qubit,3.5,3.8,4.7,5.25,0.3,0.3,0.2,False,False,False,0.27778,1.0,1.15,onepump,b,2.0,ok,0.596848736610549,0.11984443928091526,,,,9.075010577145713e-05,0.00366291747675583,0.8755904276033344,500.0,614.3359794616699
17,target,qubit_qubit,3.5,3.8,4.7,5.35,0.3,0.3,0.2,False,False,False,0.27778,1.0,1.25,onepump,b,2.0,ok,0.5990828404453951,0.11997788019717615,,,,0.00024103767211993538,0.006720046366838894,0.8741075622816742,500.0,619.1900079250336
18,target,qubit_qubit,3.5,3.8,4.7,5.45,0.3,0.3,0.2,False,False,False,0.27778,1.0,1.35,onepump,b,2.0,ok,0.5997353880025029,0.11965272460143983,,,,0.00020283991059885455,0.004984138796092235,0.8757553586699373,500.0,626.0880346298218
19,target,qubit_qubit,3.5,3.8,4.7,5.55,0.3,0.3,0.2,False,False,False,0.27778,1.0,1.45,onepump,b,2.0,ok,0.6000504636235805,0.11944864594748306,,,,0.0001168673313546118,0.0043815975208587625,0.876888879266604,500.0,653.5004811286926
20,target,qubit_qubit,3.5,3.9,4.7,3.75,0.4,0.4,0.2,False,False,False,0.27778,1.0,-0.15,onepump,a,2.0,ok,0.6052828570072852,0.11659242902327516,,,,0.00016001534804116645,0.003448034801421029,0.882846280980023,500.0,580.9525876045227
21,target,qubit_qubit,3.5,3.9,4.7,3.85,0.4,0.4,0.2,False,False,True,0.27778,1.0,-0.05,onepump,a,2.0,drag_compare,0.659928896324738,0.08269373859141194,0.6545751369703916,0.0859054957780706,-0.0053537593543463435,0.0007482116298567461,0.006883828678088132,0.9276820264187466,500.0,1306.021733045578
22,target,qubit_qubit,3.5,3.9,4.7,3.95,0.4,0.4,0.2,False,False,True,0.27778,1.0,0.05,onepump,a,2.0,drag_compare,0.5054194697669766,0.17010510493972641,0.5046617538200749,0.17050388688006368,-0.0007577159469016603,0.0002790306704437156,0.00195511264638424,0.7795903788106948,500.0,1314.793702363968
23,target,qubit_qubit,3.5,3.9,4.7,4.05,0.4,0.4,0.2,False,False,False,0.27778,1.0,0.15,onepump,a,2.0,ok,0.5600740761893738,0.14115516218635693,,,,0.00042665639393706415,0.003694465440029431,0.839803145374028,500.0,563.2450678348541
24,target,qubit_qubit,3.5,3.9,4.7,4.15,0.4,0.4,0.2,False,False,False,0.27778,1.0,-0.15,onepump,b,2.0,ok,0.5751088143492517,0.13370475020392725,,,,8.013765881730736e-05,0.002929861370465988,0.8539898541015095,500.0,559.9254794120789
25,target,qubit_qubit,3.5,3.9,4.7,4.25,0.4,0.4,0.2,False,False,True,0.27778,1.0,-0.05,onepump,b,2.0,drag_compare,0.5845447915132715,0.12830305124147134,0.5822723134403681,0.12947654142766418,-0.0022724780729034277,0.0006698930546733055,0.006440298499654497,0.8622387700684709,500.0,1491.2075996398926
26,target,qubit_qubit,3.5,3.9,4.7,5.25,0.4,0.4,0.2,False,False,False,0.27778,1.0,0.95,onepump,b,2.0,ok,0.5912574636271137,0.12404347142203864,,,,0.0002975080929467666,0.007556018087807694,0.8675619993346372,500.0,592.9353423118591
27,target,qubit_qubit,3.5,3.9,4.7,5.35,0.4,0.4,0.2,False,False,False,0.27778,1.0,1.05,onepump,b,2.0,ok,0.5930001953346185,0.12340906566360932,,,,0.00021441442796535007,0.005929465097110202,0.8693886763265325,500.0,590.51309633255
28,target,qubit_qubit,3.5,3.9,4.7,5.45,0.4,0.4,0.2,False,False,False,0.27778,1.0,1.15,onepump,b,2.0,ok,0.5931739208819898,0.12262178777273847,,,,0.0002580214965777607,0.0067909897374258295,0.8695225632070427,500.0,588.219794511795
29,target,qubit_qubit,3.5,3.9,4.7,5.55,0.4,0.4,0.2,False,False,False,0.27778,1.0,1.25,onepump,b,2.0,ok,0.5941036155991801,0.12284519706821828,,,,0.00015087008746768308,0.00532383314218358,0.8712875152510693,500.0,606.5219249725342
30,target,qubit_qubit,3.5,4.0,4.7,3.75,0.5,0.5,0.2,False,False,False,0.27778,1.0,-0.25,onepump,a,2.0,ok,0.43096920628741014,0.19279498071308843,,,,6.316948756285271e-05,0.002322203954564072,0.6883020289636751,500.0,506.44090247154236
31,target,qubit_qubit,3.5,4.0,4.7,3.85,0.5,0.5,0.2,False,False,False,0.27778,1.0,-0.15,onepump,a,2.0,ok,0.45952763316385825,0.18529791852872313,,,,0.00025404069468545784,0.0020448004573143707,0.718004508122071,500.0,555.2160322666168
32,target,qubit_qubit,3.5,4.0,4.7,3.95,0.5,0.5,0.2,False,False,True,0.27778,1.0,-0.05,onepump,a,2.0,drag_compare,0.5405688653913049,0.15029944531550155,0.525307170262034,0.15635020406913447,-0.015261695129270891,0.0007572347387959715,0.006997624282379881,0.8131732527687855,500.0,1350.3388056755066
33,target,qubit_qubit,3.5,4.0,4.7,4.05,0.5,0.5,0.2,False,False,True,0.27778,1.0,0.05,onepump,a,2.0,drag_compare,0.4587109320944592,0.2029067932086137,0.4568508018133727,0.20601429399796056,-0.0018601302810865028,0.0005316403784820715,0.003640221471958156,0.49223896544631185,500.0,1368.2184700965881
34,target,qubit_qubit,3.5,4.0,4.7,4.15,0.5,0.5,0.2,False,False,False,0.27778,1.0,0.15,onepump,a,2.0,ok,0.43678001060501004,0.20521559976232928,,,,0.0010942368319077599,0.006141804171887879,0.6182099212029268,500.0,593.097987651825
35,target,qubit_qubit,3.5,4.0,4.7,4.25,0.5,0.5,0.2,False,False,False,0.27778,1.0,0.25,onepump,a,2.0,ok,0.4315586851642722,0.200416835224704,,,,8.17448860078793e-05,0.003183063280097844,0.6482789711385114,500.0,1233.510274887085
36,target,qubit_qubit,3.5,4.0,4.7,5.25,0.5,0.5,0.2,False,False,False,0.27778,1.0,0.75,onepump,b,2.0,ok,0.4292839103986351,0.1976818180265707,,,,5.7928017422653244e-05,0.006169014350179379,0.665451903909418,500.0,1278.250207901001
37,target,qubit_qubit,3.5,4.0,4.7,5.35,0.5,0.5,0.2,False,False,False,0.27778,1.0,0.85,onepump,b,2.0,ok,0.42804417788912996,0.19782371336422444,,,,0.0002578316212755986,0.006281657868631169,0.6676449880537639,500.0,1206.2585973739624
38,target,qubit_qubit,3.5,4.0,4.7,5.45,0.5,0.5,0.2,False,False,False,0.27778,1.0,0.95,onepump,b,2.0,ok,0.4271241940147684,0.1971466980855645,,,,0.00020755461178635537,0.00431132829299647,0.6705300612356867,500.0,1235.8465263843536
39,target,qubit_qubit,3.5,4.0,4.7,5.55,0.5,0.5,0.2,False,False,False,0.27778,1.0,1.05,onepump,b,2.0,ok,0.42709528698781674,0.1969871218710364,,,,0.00015173471330749295,0.0027484694335155424,0.6706937634571177,500.0,1228.7577397823334
40,target,qubit_qubit,3.5,4.1,4.7,3.75,0.6,0.6,0.2,False,False,False,0.27778,1.0,0.25,static,a,2.0,ok,0.36596708519028265,0.23856890845550305,,,,0.00012244527764065203,0.005764627741537721,0.284159991740375,500.0,1018.3137073516846
41,target,qubit_qubit,3.5,4.1,4.7,3.85,0.6,0.6,0.2,False,False,False,0.27778,1.0,-0.25,onepump,a,2.0,ok,0.3648293066729809,0.24009914371662833,,,,0.00027754276588852554,0.00723997822502371,0.2830534835300043,500.0,972.6707217693329
42,target,qubit_qubit,3.5,4.1,4.7,3.95,0.6,0.6,0.2,False,False,False,0.27778,1.0,-0.15,onepump,a,2.0,ok,0.3676329101734363,0.2367564727175232,,,,0.00017380714460101811,0.002372620466910179,0.28183818887267914,500.0,978.8343365192413
43,target,qubit_qubit,3.5,4.1,4.7,4.05,0.6,0.6,0.2,False,False,True,0.27778,1.0,-0.05,onepump,a,2.0,drag_compare,0.37213199642566464,0.23177609513627528,0.37023910098776514,0.23618400609499224,-0.0018928954378995,0.00046884789182268226,0.001064030313974775,0.27237049364423127,500.0,2360.0477590560913
44,target,qubit_qubit,3.5,4.1,4.7,4.15,0.6,0.6,0.2,False,False,True,0.27778,1.0,0.05,onepump,a,2.0,drag_compare,0.3679099642146642,0.23680968190286467,0.36750033317193315,0.23222699647705347,-0.0004096310427310623,0.00015033882933396662,0.006452653330365809,0.29189073036856306,500.0,2370.1591942310333
45,target,qubit_qubit,3.5,4.1,4.7,4.25,0.6,0.6,0.2,False,False,False,0.27778,1.0,0.15,onepump,a,2.0,ok,0.36245748635509234,0.24284157771973947,,,,0.0004696256347719619,0.0022510597628300297,0.286570227600315,500.0,510.04743099212646
46,target,qubit_qubit,3.5,4.1,4.7,5.25,0.6,0.6,0.2,False,False,False,0.27778,1.0,0.55,onepump,b,2.0,ok,0.36092283604695163,0.2337756823658077,,,,0.0001860440433480581,0.0006890226142158707,0.20104230849664204,500.0,546.7673606872559
47,target,qubit_qubit,3.5,4.1,4.7,5.35,0.6,0.6,0.2,False,False,False,0.27778,1.0,0.65,onepump,b,2.0,ok,0.36593932796865625,0.24210562381176648,,,,7.536382897548181e-05,0.00527441614539259,0.3565164457833851,500.0,546.754536151886
48,target,qubit_qubit,3.5,4.1,4.7,5.45,0.6,0.6,0.2,False,False,False,0.27778,1.0,0.75,onepump,b,2.0,ok,0.36572822605635014,0.24148592304883088,,,,0.0002801781386958028,0.0009040838961237447,0.30804419404899513,500.0,551.4638183116913
49,target,qubit_qubit,3.5,4.1,4.7,5.55,0.6,0.6,0.2,False,False,False,0.27778,1.0,0.85,onepump,b,2.0,ok,0.36566389154582135,0.2412390344238391,,,,0.000198392854375384,0.002397968147055475,0.2968830469672878,500.0,579.538896560669
50,target,qubit_qubit,3.5,4.1,4.7,3.75,0.6,0.6,0.2,False,False,False,0.27778,1.0,0.25,static,a,2.0,ok,0.36596708519028265,0.23856890845550305,,,,0.00012244527764065203,0.005764627741537721,0.284159991740375,500.0,503.4651002883911
51,target,qubit_qubit,3.5,4.1,4.7,3.85,0.6,0.6,0.2,False,False,False,0.27778,1.0,-0.25,onepump,a,2.0,ok,0.3648293066729809,0.24009914371662833,,,,0.00027754276588852554,0.00723997822502371,0.2830534835300043,500.0,500.68433117866516
52,target,qubit_qubit,3.5,4.1,4.7,3.95,0.6,0.6,0.2,False,False,False,0.27778,1.0,-0.15,onepump,a,2.0,ok,0.3676329101734363,0.2367564727175232,,,,0.00017380714460101811,0.002372620466910179,0.28183818887267914,500.0,502.27210569381714
53,target,qubit_qubit,3.5,4.1,4.7,4.05,0.6,0.6,0.2,False,False,True,0.27778,1.0,-0.05,onepump,a,2.0,drag_compare,0.37213199642566464,0.23177609513627528,0.37023910098776514,0.23618400609499224,-0.0018928954378995,0.00046884789182268226,0.001064030313974775,0.27237049364423127,500.0,1018.3986372947693
54,target,qubit_qubit,3.5,4.1,4.7,4.15,0.6,0.6,0.2,False,False,True,0.27778,1.0,0.05,onepump,a,2.0,drag_compare,0.3679099642146642,0.23680968190286467,0.36750033317193315,0.23222699647705347,-0.0004096310427310623,0.00015033882933396662,0.006452653330365809,0.29189073036856306,500.0,1014.114315032959
55,target,qubit_qubit,3.5,4.1,4.7,4.25,0.6,0.6,0.2,False,False,False,0.27778,1.0,0.15,onepump,a,2.0,ok,0.36245748635509234,0.24284157771973947,,,,0.0004696256347719619,0.0022510597628300297,0.286570227600315,500.0,415.59509682655334
56,target,qubit_qubit,3.5,4.1,4.7,5.25,0.6,0.6,0.2,False,False,False,0.27778,1.0,0.55,onepump,b,2.0,ok,0.36092283604695163,0.2337756823658077,,,,0.0001860440433480581,0.0006890226142158707,0.20104230849664204,500.0,453.94940066337585
57,target,qubit_qubit,3.5,4.1,4.7,5.35,0.6,0.6,0.2,False,False,False,0.27778,1.0,0.65,onepump,b,2.0,ok,0.36593932796865625,0.24210562381176648,,,,7.536382897548181e-05,0.00527441614539259,0.3565164457833851,500.0,454.7395832538605
58,target,qubit_qubit,3.5,4.1,4.7,5.45,0.6,0.6,0.2,False,False,False,0.27778,1.0,0.75,onepump,b,2.0,ok,0.36572822605635014,0.24148592304883088,,,,0.0002801781386958028,0.0009040838961237447,0.30804419404899513,500.0,448.7030689716339
59,target,qubit_qubit,3.5,4.1,4.7,5.55,0.6,0.6,0.2,False,False,False,0.27778,1.0,0.85,onepump,b,2.0,ok,0.36566389154582135,0.2412390344238391,,,,0.000198392854375384,0.002397968147055475,0.2968830469672878,500.0,454.5734827518463
60,target,qubit_qubit,3.5,5.2,4.7,3.75,1.7,1.7,0.2,False,False,False,0.27778,1.0,0.25,static,a,2.0,ok,0.7588848310221977,0.022886690686124034,,,,0.00041756069443270045,0.007873119627849772,0.9873295860034518,500.0,478.1846022605896
61,target,qubit_qubit,3.5,5.2,4.7,3.85,1.7,1.7,0.2,False,False,False,0.27778,1.0,0.35,static,a,2.0,ok,0.7600472620520049,0.022544074386674717,,,,0.00037577202822961685,0.008104701178948072,0.987320651845803,500.0,487.3988502025604
62,target,qubit_qubit,3.5,5.2,4.7,3.95,1.7,1.7,0.2,False,False,False,0.27778,1.0,0.45,static,a,2.0,ok,0.7601449610721442,0.02310020005704083,,,,0.0013210469270897144,0.008916014966650126,0.9868451722784916,500.0,498.1779046058655
63,target,qubit_qubit,3.5,5.2,4.7,4.05,1.7,1.7,0.2,False,False,False,0.27778,1.0,0.55,static,a,2.0,ok,0.7078819068149875,0.07962873597086662,,,,0.00017600046521600328,0.006657685448095749,0.988980725396066,500.0,501.4471092224121
64,target,qubit_qubit,3.5,5.2,4.7,4.15,1.7,1.7,0.2,False,False,False,0.27778,1.0,0.65,static,a,2.0,ok,0.7616842153717818,0.021318925722650484,,,,0.0001931194432303618,0.005142052963473004,0.9904124939199428,500.0,499.83685064315796
65,target,qubit_qubit,3.5,5.2,4.7,4.25,1.7,1.7,0.2,False,False,False,0.27778,1.0,0.75,static,a,2.0,ok,0.7620500813502705,0.020904340234495944,,,,0.00017148051380389118,0.0037659934650884504,0.9919909304765534,500.0,504.2021450996399
66,target,qubit_qubit,3.5,5.2,4.7,5.25,1.7,1.7,0.2,False,True,True,0.27778,1.0,0.05,onepump,a,2.0,drag_compare,0.748414338761983,0.025727620407514973,0.7532548026618594,0.02145792953305481,0.004840463899876357,0.00041811231508517133,0.0019793178037826272,0.9931300486306831,500.0,1985.3546335697174
67,target,qubit_qubit,3.5,5.2,4.7,5.35,1.7,1.7,0.2,False,False,False,0.27778,1.0,0.15,onepump,a,2.0,ok,0.7582175544629517,0.020558586948121516,,,,0.00010694959019401171,0.0012555458358367204,0.9955993644595322,500.0,865.8534400463104
68,target,qubit_qubit,3.5,5.2,4.7,5.45,1.7,1.7,0.2,False,False,False,0.27778,1.0,0.25,onepump,a,2.0,ok,0.7598704098305402,0.019492535839337854,,,,5.549212789146381e-05,0.0008124770556378247,0.9958075169133723,500.0,837.358074426651
69,target,qubit_qubit,3.5,5.2,4.7,5.55,1.7,1.7,0.2,False,False,False,0.27778,1.0,0.35,onepump,a,2.0,ok,0.7603742529185175,0.019120820429824548,,,,2.43270529544189e-05,0.0007895574035405293,0.9956804269286078,500.0,857.7729065418243
70,target,qubit_qubit,3.5,5.3,4.7,3.75,1.8,1.8,0.2,False,False,False,0.27778,1.0,0.25,static,a,2.0,ok,0.7494356970133536,0.02089292409882093,,,,0.0004164959051487851,0.008330397426411569,0.9868149670553512,500.0,808.3964993953705
71,target,qubit_qubit,3.5,5.3,4.7,3.85,1.8,1.8,0.2,False,False,False,0.27778,1.0,0.35,static,a,2.0,ok,0.7508024903063991,0.02047665762630002,,,,0.00037366111047044563,0.008181463868981846,0.9872459202588452,500.0,807.3869075775146
72,target,qubit_qubit,3.5,5.3,4.7,3.95,1.8,1.8,0.2,False,False,False,0.27778,1.0,0.45,static,a,2.0,ok,0.7517715413263063,0.01995908228656562,,,,0.00024716231834378427,0.0072486631584992665,0.9882087937776101,500.0,835.2243010997772
73,target,qubit_qubit,3.5,5.3,4.7,4.05,1.8,1.8,0.2,False,False,False,0.27778,1.0,0.55,static,a,2.0,ok,0.7525814543578991,0.019542448861662898,,,,0.00022573937464762998,0.006545913997756073,0.9892592912251331,500.0,824.1690723896027
74,target,qubit_qubit,3.5,5.3,4.7,4.15,1.8,1.8,0.2,False,False,False,0.27778,1.0,0.65,static,a,2.0,ok,0.7059982835767145,0.08435250070806266,,,,0.00017910083046089744,0.0050998027755744055,0.9908233065217771,500.0,834.2803201675415
75,target,qubit_qubit,3.5,5.3,4.7,4.25,1.8,1.8,0.2,False,False,False,0.27778,1.0,0.75,static,a,2.0,ok,0.7529206043902589,0.018613621800578017,,,,0.00040434730099881625,0.003791857213881325,0.9923467475495553,500.0,485.34923458099365
76,target,qubit_qubit,3.5,5.3,4.7,5.25,1.8,1.8,0.2,False,False,True,0.27778,1.0,-0.05,onepump,a,2.0,drag_compare,0.7618978149472653,0.015624673060250172,0.7531934859182553,0.022619219426825432,-0.008704329029009972,0.00046729943093278334,0.0013280217290040095,0.9890902673521648,500.0,1142.5050616264343
77,target,qubit_qubit,3.5,5.3,4.7,5.35,1.8,1.8,0.2,False,True,True,0.27778,1.0,0.05,onepump,a,2.0,drag_compare,0.7351130096037906,0.02659955912438594,0.7384418180205188,0.023735025148317934,0.003328808416728224,0.000430448770854941,0.0011095294570211184,0.9897873120398889,500.0,1148.273579120636
78,target,qubit_qubit,3.5,5.3,4.7,5.45,1.8,1.8,0.2,False,False,False,0.27778,1.0,0.15,onepump,a,2.0,ok,0.7479210139858848,0.019009239700232605,,,,9.552741843061016e-05,0.0011650555442652888,0.9947451850014557,500.0,494.3174855709076
79,target,qubit_qubit,3.5,5.3,4.7,5.55,1.8,1.8,0.2,False,False,False,0.27778,1.0,0.25,onepump,a,2.0,ok,0.7499621952454727,0.017823738959804825,,,,3.6282374678258704e-05,0.0009507640178857729,0.9952364002494811,500.0,516.6711523532867
80,target,qubit_qubit,3.5,5.4,4.7,3.75,1.9,1.9,0.2,False,False,False,0.27778,1.0,0.25,static,a,2.0,ok,0.7438497220808374,0.02601121177002763,,,,0.0003360036588698401,0.008604226291387554,0.9854174415968575,500.0,470.8059432506561
81,target,qubit_qubit,3.5,5.4,4.7,3.85,1.9,1.9,0.2,False,False,False,0.27778,1.0,0.35,static,a,2.0,ok,0.7432147208577444,0.02674052769132118,,,,0.0003496458484667749,0.007822331019333596,0.9853177445334372,500.0,471.68361806869507
82,target,qubit_qubit,3.5,5.4,4.7,3.95,1.9,1.9,0.2,False,False,False,0.27778,1.0,0.45,static,a,2.0,ok,0.7449201545892037,0.02574085156204775,,,,0.00032071384545795476,0.007290031792908577,0.9865121727130389,500.0,478.08026790618896
83,target,qubit_qubit,3.5,5.4,4.7,4.05,1.9,1.9,0.2,False,False,False,0.27778,1.0,0.55,static,a,2.0,ok,0.7459324463555091,0.025176460132661282,,,,0.00022811459745628954,0.006808671860745231,0.9877127509094014,500.0,484.7082850933075
84,target,qubit_qubit,3.5,5.4,4.7,4.15,1.9,1.9,0.2,False,False,False,0.27778,1.0,0.65,static,a,2.0,ok,0.7467366855529523,0.024625272496213158,,,,0.00017962517894563087,0.005337709474790675,0.9893382629104934,500.0,477.97904658317566
85,target,qubit_qubit,3.5,5.4,4.7,4.25,1.9,1.9,0.2,False,False,False,0.27778,1.0,0.75,static,a,2.0,ok,0.7341169506635594,0.06365769566215673,,,,0.00016105503866268285,0.00318948085332324,0.9912609729877649,500.0,475.48471784591675
86,target,qubit_qubit,3.5,5.4,4.7,5.25,1.9,1.9,0.2,False,False,False,0.27778,1.0,-0.15,onepump,a,2.0,ok,0.7520772266123527,0.02028603853380362,,,,0.00010350929568412378,0.0010287474281258843,0.9941625677436642,500.0,497.7629008293152
87,target,qubit_qubit,3.5,5.4,4.7,5.35,1.9,1.9,0.2,False,False,True,0.27778,1.0,-0.05,onepump,a,2.0,drag_compare,0.7589604506966624,0.01807886859308727,0.7497730131331402,0.025480687011314673,-0.00918743756352225,0.00046307020310412575,0.0011859306273513599,0.9912378670639987,500.0,1166.13951587677
88,target,qubit_qubit,3.5,5.4,4.7,5.45,1.9,1.9,0.2,False,True,True,0.27778,1.0,0.05,onepump,a,2.0,drag_compare,0.7252343800380328,0.03446569617311501,0.7288787592503976,0.03133216343049894,0.0036443792123648233,0.00044422132560806125,0.001472654202846951,0.9848795619383128,500.0,1157.7729194164276
89,target,qubit_qubit,3.5,5.4,4.7,5.55,1.9,1.9,0.2,False,False,False,0.27778,1.0,0.15,onepump,a,2.0,ok,0.7404736471639926,0.02519225005847825,,,,7.228398617389405e-05,0.0008123432470943495,0.9924401637083089,500.0,517.197934627533
90,target,qubit_qubit,3.5,5.5,4.7,3.75,2.0,2.0,0.2,False,False,False,0.27778,1.0,0.25,static,a,2.0,ok,0.7357011694868028,0.031042271542532474,,,,0.00029323607797252643,0.008408652997182856,0.9827294503176609,500.0,487.1018371582031
91,target,qubit_qubit,3.5,5.5,4.7,3.85,2.0,2.0,0.2,False,False,False,0.27778,1.0,0.35,static,a,2.0,ok,0.7376315624359397,0.03003646990529607,,,,0.0003486259557390434,0.007579002398762299,0.9838571852620958,500.0,503.55248498916626
92,target,qubit_qubit,3.5,5.5,4.7,3.95,2.0,2.0,0.2,False,False,False,0.27778,1.0,0.45,static,a,2.0,ok,0.7396146740067859,0.02877104007428566,,,,0.0002213160658681882,0.007291339247933026,0.9854090237437637,500.0,497.4898455142975
93,target,qubit_qubit,3.5,5.5,4.7,4.05,2.0,2.0,0.2,False,False,False,0.27778,1.0,0.55,static,a,2.0,ok,0.7380943593491173,0.03009733928834668,,,,0.00028185839436391865,0.006904798751781536,0.9849917560537705,500.0,491.35276770591736
94,target,qubit_qubit,3.5,5.5,4.7,4.15,2.0,2.0,0.2,False,False,False,0.27778,1.0,0.65,static,a,2.0,ok,0.7395562212881923,0.029034753230320343,,,,0.0001848020412229192,0.005161425233324796,0.9871872621417613,500.0,490.96436834335327
95,target,qubit_qubit,3.5,5.5,4.7,4.25,2.0,2.0,0.2,False,False,False,0.27778,1.0,0.75,static,a,2.0,ok,0.7402860035000083,0.02824120435761235,,,,0.00015365528615568307,0.0030037153796739265,0.9892414740498932,500.0,481.44608187675476
96,target,qubit_qubit,3.5,5.5,4.7,5.25,2.0,2.0,0.2,False,False,False,0.27778,1.0,-0.25,onepump,a,2.0,ok,0.7441717909320368,0.024685480617843147,,,,6.621602339622595e-05,0.0009810456886801145,0.9927602741649609,500.0,505.5795223712921
97,target,qubit_qubit,3.5,5.5,4.7,5.35,2.0,2.0,0.2,False,False,False,0.27778,1.0,-0.15,onepump,a,2.0,ok,0.7465164093186548,0.023186981499701664,,,,0.0001221925188169747,0.001375556235665574,0.9934415133082132,500.0,505.46925163269043
98,target,qubit_qubit,3.5,5.5,4.7,5.45,2.0,2.0,0.2,False,False,True,0.27778,1.0,-0.05,onepump,a,2.0,drag_compare,0.7551199532200653,0.01989436957277191,0.7457723528064572,0.027403405395587832,-0.00934760041360816,0.0004564487666455356,0.0012304952207531068,0.9921279422027662,500.0,1183.3106179237366
99,target,qubit_qubit,3.5,5.5,4.7,5.55,2.0,2.0,0.2,False,True,True,0.27778,1.0,0.05,onepump,a,2.0,drag_compare,0.7154725749852358,0.04064260458033253,0.7191252484096116,0.03753111769731865,0.0036526734243758074,0.00043718357446435126,0.0007197431765035553,0.980067230172355,500.0,1174.2984743118286
